sub	ntrials	bad_pre	bad_post	jaccard	excluded_frac	clean_frac	trials_bad_pre	trials_bad_post	rej_pre	rej_post	n_target_pre	n_standard_pre	n_target_post	n_standard_post	n_windows	windows_lost_frac	windows_partial_frac	badchan_pre	badchan_post	badchan_differs	plain_pre	plain_post	plain_rms_change	robust_pre	robust_post	robust_rms_change
1	195	2148	4380	0.3098	0.3525	0.2812	20	23	20	23	34	141	34	138	67	0.3284	0.5373			0	7.215	7.185	0.02013	5.877	5.877	0.01787
2	198	1085	2875	0.2979	0.3162	0.1622	5	7	5	7	39	154	39	152	46	0.3043	0.6304			0	18.05	18.3	0.02264	16.7	16.7	0.003933
4	177	35242	134553	0.1765	0.1893	0.2773	165	177	165	175	7	5	1	1	1043	0.0767	0.8859		FP1,FP2	1	1.553	8.956	0.8587	1.66	1.683	0.4874
5	194	25966	119194	0.1723	0.179	0.1784	144	194	142	174	8	44	4	16	648	0.2284	0.5077		FP1,FP2	1	6.15	0.5738	1.349	3.808	3.808	0.1283
6	102	17826	27623	0.3869	0.459	0.2887	56	58	48	49	5	49	4	49	344	0.1017	0.6919			0	1.85	5.617	0.4976	-3.303	-3.309	0.4176
7	193	41390	105862	0.153	0.1846	0.5278	125	193	125	139	25	43	23	31	1082	0.1137	0.6691		FP1	1	12.55	11.15	0.1822	2.72	2.713	1.879
8	154	43061	111919	0.1494	0.18	0.5321	126	154	126	130	5	23	2	22	911	0.04391	0.3535		FP1,FP2	1	0.1382	1.03	0.7264	4.708	4.708	1.009
9	183	129320	239129	0.3692	0.4155	0.2317	183	183	172	182	1	10	0	1	2025	0.1714	0.4741	PO8	FP1,FP2,PO8	1	14.69	40.28	0.7792	13.18	12.62	0.3839
10	151	17166	33111	0.2723	0.325	0.3731	88	102	88	102	5	58	4	45	496	0.1875	0.6875			0	6.332	4.572	0.7039	5.277	5.278	0.3271
11	199	19158	33167	0.1568	0.2139	0.6297	176	191	176	191	6	17	1	7	590	0.1339	0.6017			0	11.46	4.75	0.951	3.099	3.09	0.4579
12	183	2762	5571	0.4841	0.4879	0.01593	7	10	7	10	28	148	28	145	70	0.3429	0.6571			0	8.199	8.499	0.05425	6.55	6.55	0.01295
13	170	7390	11010	0.05089	0.08093	0.8794	82	92	81	92	13	76	11	67	235	0.08511	0.6255			0	3.809	3.082	0.5053	3.513	3.513	0.2537
14	182	19868	37419	0.3025	0.3556	0.3303	91	124	91	124	20	71	12	46	553	0.2676	0.6022			0	2.758	2.549	0.388	1.697	1.717	0.1942
15	195	6455	11873	0.4024	0.4429	0.1853	27	53	27	53	33	135	26	116	173	0.4335	0.4162			0	1.341	0.5088	0.5024	1.232	1.232	0.02648
16	199	2148	3254	0.052	0.08205	0.8757	19	26	19	26	38	142	38	135	75	0.32	0.2133			0	6.071	6.158	0.06889	4.548	4.548	0.0309
17	199	15046	20884	0.1039	0.1619	0.7752	153	166	153	166	9	37	4	29	416	0.1034	0.5048			0	2.053	-4.004	0.8462	4.452	4.452	0.4974
18	191	112181	116786	0.843	0.8968	0.06642	191	191	177	180	2	12	1	10	697	0.08608	0.3142	FP1,FP2	FP1,FP2	0	12.27	15.5	0.3622	7.798	7.798	0.1202
19	198	2860	6225	0.2859	0.3245	0.2937	37	51	37	51	30	131	24	123	99	0.2929	0.596			0	8.37	8.097	0.175	4.868	4.867	0.006338
20	197	7582	21924	0.3146	0.3221	0.06872	52	70	52	70	25	120	20	107	335	0.3731	0.6209			0	1.457	1.639	0.3847	0.3513	0.3514	0.09891
21	193	32426	47866	0.1241	0.1852	0.7265	94	104	94	104	14	85	14	75	876	0.1267	0.5354			0	1.325	1.019	0.08629	4.172	4.172	0.5026
22	173	166	768	0.03663	0.04297	0.8012	4	7	4	7	27	142	27	139	17	0.4706	0.5294			0	4.838	4.819	0.04068	5.025	5.025	0.002533
23	196	43347	135231	0.1705	0.1923	0.4001	178	196	177	181	0	19	0	15	993	0.05237	0.6425		FP1,FP2	1	-6.154	-7.321	0.2494	10.27	10.22	0.2101
24	194	5364	11827	0.1723	0.2137	0.5289	62	71	57	66	15	122	13	115	205	0.1951	0.7268			0	14.28	14.06	0.1565	9.924	9.902	0.09558
25	199	25675	40556	0.4475	0.5049	0.2025	93	104	90	98	20	89	18	83	466	0.1631	0.6502			0	11.2	9.496	0.1599	9.723	9.713	0.4122
26	198	13254	26421	0.1627	0.2102	0.581	87	103	86	102	25	87	18	78	481	0.2225	0.6341			0	4.824	5.953	0.5127	2.146	2.147	0.3013
27	173	6211	11479	0.3149	0.3691	0.3178	34	44	34	43	24	115	24	106	157	0.1975	0.7707			0	1.176	0.8017	0.2356	1.469	1.47	0.145
28	190	12982	28827	0.2995	0.3343	0.2577	62	83	61	81	29	100	25	84	434	0.265	0.6912			0	5.184	3.847	0.3827	3.27	3.258	0.1285
29	186	18199	29539	0.3717	0.4379	0.2892	66	73	66	72	29	91	29	85	371	0.2318	0.5876			0	8.106	7.766	0.05192	3.96	3.937	0.1212
30	185	86196	211345	0.3572	0.3706	0.09141	127	185	116	122	16	53	13	50	1483	0.1571	0.6878		FP1,FP2	1	12.97	15.24	0.2815	8.676	8.834	0.2496
31	198	18317	28627	0.1151	0.1692	0.7355	137	144	137	144	10	51	7	47	499	0.08417	0.6413			0	9.987	8.83	0.289	4.278	4.278	0.3795
32	191	29547	124531	0.1785	0.1874	0.2102	175	191	175	185	12	4	5	1	777	0.07593	0.8829		FP1,FP2	1	2.965	-14.86	0.9994	4.492	4.49	0.2619
33	199	12139	26355	0.1245	0.1617	0.6489	147	168	147	168	5	47	3	28	496	0.2016	0.7198			0	2.746	-1.801	0.8228	3.913	3.913	0.4746
34	196	1760	3566	0.2502	0.2989	0.3943	18	21	18	21	34	144	34	141	58	0.2759	0.6552			0	11.17	11.14	0.02883	10.31	10.31	0.01064
35	156	20318	34798	0.3247	0.3882	0.3351	62	68	62	67	10	84	10	79	457	0.1488	0.6433			0	2.924	2.941	0.08276	6.175	6.198	0.1996
36	194	126915	133895	0.6835	0.7909	0.1656	194	194	186	190	1	7	0	4	1042	0.01823	0.5921	FP1,FP2	FP1,FP2	0	-1.861	-1.179	1.887	4.411	4.411	0.4978
37	195	22639	33863	0.1494	0.2169	0.6756	167	180	167	179	5	23	1	15	573	0.1099	0.7051			0	19.75	34.59	0.6528	7.844	7.844	1.059
38	189	3314	6598	0.1458	0.1911	0.6195	33	37	33	37	31	125	28	124	122	0.1967	0.6967			0	7.562	7.597	0.1251	6.533	6.533	0.03113
39	198	25252	31316	0.1241	0.1995	0.7527	160	167	160	167	6	32	4	27	531	0.06591	0.4878			0	12.91	13.7	0.3756	7.268	7.268	0.3961
40	198	16653	43123	0.3061	0.3249	0.1588	74	98	74	98	23	101	21	79	705	0.3574	0.5844			0	17.29	17.56	0.2362	16.37	16.14	0.0858
